{"0": {"precision": 0.9523809523809523, "recall": 0.8695652173913043, "f1-score": 0.909090909090909, "support": 23}, "1": {"precision": 0.7857142857142857, "recall": 0.9166666666666666, "f1-score": 0.8461538461538461, "support": 12}, "accuracy": 0.8857142857142857, "macro avg": {"precision": 0.8690476190476191, "recall": 0.8931159420289855, "f1-score": 0.8776223776223775, "support": 35}, "weighted avg": {"precision": 0.8952380952380953, "recall": 0.8857142857142857, "f1-score": 0.8875124875124875, "support": 35}}