{"0": {"precision": 0.95, "recall": 0.8260869565217391, "f1-score": 0.8837209302325583, "support": 23}, "1": {"precision": 0.7333333333333333, "recall": 0.9166666666666666, "f1-score": 0.8148148148148148, "support": 12}, "accuracy": 0.8571428571428571, "macro avg": {"precision": 0.8416666666666666, "recall": 0.8713768115942029, "f1-score": 0.8492678725236865, "support": 35}, "weighted avg": {"precision": 0.8757142857142857, "recall": 0.8571428571428571, "f1-score": 0.8600959763750463, "support": 35}}